<?xml version="1.0" encoding="UTF-8" standalone="yes"?>
<addon id="kodi.repository" name="FuxXocietY's Addon Repository" version="0.0.1" provider-name="fuxxociety">
    <requires>
	</requires>
	<extension point="xbmc.addon.repository" name="FuxXocietY's Addon Repository">
		<dir minversion="18.0.0">
			<info compressed="false">https://github.com/fuxxociety/kodi.repository/blob/master/18-leia/addons.xml</info>
			<checksum>https://github.com/fuxxociety/kodi.repository/blob/master/18-leia/addons.xml.md5</checksum>
			<datadir zip="true">https://github.com/fuxxociety/kodi.repository/18-leia/</datadir>
			<hashes>false</hashes>
		</dir>
		<dir minversion="19.0.0">
			<info compressed="false">https://github.com/fuxxociety/kodi.repository/blob/master/19-matrix/addons.xml</info>
			<checksum>https://github.com/fuxxociety/kodi.repository/19-matrix/addons.xml.md5</checksum>
			<datadir zip="true">https://github.com/fuxxociety/kodi.repository/19-matrix/</datadir>
			<hashes>false</hashes>
		</dir>
		<dir minversion="20.0.0">
			<info compressed="false">https://github.com/fuxxociety/kodi.repository/blob/master/20-nexus/addons.xml</info>
			<checksum>https://github.com/fuxxociety/kodi.repository/blob/master/20-nexus/addons.xml.md5</checksum>
			<datadir zip="true">https://github.com/fuxxociety/kodi.repository/20-nexus/</datadir>
			<hashes>false</hashes>
		</dir>
		<dir minversion="21.0.0">
			<info compressed="false">https://github.com/fuxxociety/kodi.repository/blob/master/21-omega/addons.xml</info>
			<checksum>https://github.com/fuxxociety/kodi.repository/blob/master/21-omega/addons.xml.md5</checksum>
			<datadir zip="true">https://github.com/fuxxociety/kodi.repository/21-omega/</datadir>
			<hashes>false</hashes>
		</dir>
	</extension>
	<extension point="xbmc.addon.metadata">
		<summary lang="en">FuxXocietY Personal Repo</summary>
		<description lang="en">Full repository description</description>
		<platform>all</platform>
		<assets>
			<icon>icon.png</icon>
			<icon>fanart.png</icon>
		</assets>
	</extension>
</addon>
