<addon id="repository.fuxxociety" name="FuxXocietYs Kodi Addon Repository" version="0.0.1" provider-name="fuxxociety">
    <extension point="xbmc.addon.repository" name="FuxXocietYs Kodi Addon Repository">
        <dir minversion="19.9.1">
            <info compressed="false">https://raw.githubusercontent.com/fuxxociety/kodi.repository/main/20-nexus/addons.xml</info>
            <checksum>https://raw.githubusercontent.com/fuxxociety/kodi.repository/main/20-nexus/addons.xml.md5</checksum>
            <datadir zip="true">https://raw.githubusercontent.com/fuxxociety/kodi.repository/main/20-nexus/</datadir>
        </dir>
        <dir minversion="18.9.0" maxversion="19.9.0">
            <info compressed="false">https://raw.githubusercontent.com/fuxxociety/kodi.repository/main/19-matrix/addons.xml</info>
            <checksum>https://raw.githubusercontent.com/fuxxociety/kodi.repository/main/19-matrix/addons.xml.md5</checksum>
            <datadir zip="true">https://raw.githubusercontent.com/fuxxociety/kodi.repository/main/19-matrix/</datadir>
        </dir>
    </extension>
    <extension point="xbmc.addon.metadata">
        <summary>FuxXocietYs Personal Repo</summary>
        <description lang="en">Full repository description</description>
        <disclaimer></disclaimer>
        <platform>all</platform>
        <assets>
            <icon>icon.png</icon>
            <fanart>fanart.jpg</fanart>
        </assets>
    </extension>
</addon>